id,name,email,age
1,Heather Phillips,sandra21@example.org,60
2,Anthony Hunt,kyle58@example.net,42
3,David Berry,christopher35@example.com,21
4,Beth Cannon,barbertasha@example.net,64
5,Logan Adkins,hpena@example.net,24
6,Amy Erickson,martinkelly@example.com,38
7,Chelsea Montoya,breannalopez@example.net,31
8,Lee Cervantes,anitaobrien@example.com,27
9,John Chandler,carrieyoung@example.com,26
10,Steven Simmons,ghood@example.org,57
11,Curtis Rodriguez,joneslawrence@example.net,36
12,Scott Ewing,donna21@example.com,24
13,Julie Johnson,murraydonna@example.net,24
14,Shelley Murphy,andersoncrystal@example.com,28
15,Jonathan Cervantes,qkoch@example.org,25
16,Aaron Short,peter86@example.net,25
17,Ashley Combs,sara19@example.net,46
18,Steven Harris,gallagherangela@example.net,59
19,Oscar Harris,daniellerojas@example.net,37
20,Joshua Herrera,kimberlystewart@example.com,58
21,John Knight,wisemason@example.org,51
22,Michael Tapia,bdonovan@example.org,48
23,Peter Cooper,qtaylor@example.org,22
24,Randy Pham,chenmichael@example.net,60
25,Gabrielle Shaffer,charlessmall@example.com,57
26,Tony Shepard,uschneider@example.com,59
27,Tyler Kelly,isaac87@example.net,20
28,Justin Sutton,jessicastone@example.com,22
29,Christine Waters,samantha78@example.net,49
30,Natalie Ray,joshua95@example.net,42
31,Joel Castillo,hannah05@example.net,40
32,Cindy Dalton,xwagner@example.net,25
33,Paul Allen,hernandezphilip@example.com,35
34,Sean Guzman,xkim@example.com,55
35,John Davis,imiller@example.net,37
36,Autumn Morrow,romanandrew@example.com,40
37,Emily Ford,cdickson@example.com,40
38,Andrea Edwards,sandra37@example.net,33
39,Daniel Gardner,kforbes@example.com,21
40,James Thomas,emilyhammond@example.org,31
41,Sarah Bennett,nicholas63@example.net,23
42,Christopher Young,heather39@example.net,43
43,Theodore Mccormick,johnsonronald@example.net,43
44,Kevin Wood,nicole28@example.net,49
45,Terry Gardner,omaynard@example.com,54
46,Christopher Mcdonald,christinegarner@example.com,34
47,Alexis Wilkerson,daniel37@example.net,51
48,Kim Mccarthy,kevin04@example.org,32
49,Lori Anderson,wevans@example.net,49
50,Melissa Gallegos,bhowell@example.org,30
51,Monica Combs,bernardmichael@example.net,30
52,Jim Klein,tinamoody@example.org,61
53,Stephanie Hall,xbradford@example.com,25
54,Adrienne Simmons,rodgerslawrence@example.org,19
55,Kevin Elliott,matthewhernandez@example.com,37
56,Raymond Hayden,andrewmason@example.org,39
57,Kenneth Gonzalez,robertsnathaniel@example.net,51
58,Breanna Wright,gardnerdawn@example.com,65
59,Steven Erickson,bgraham@example.net,53
60,Kristin Hobbs,debra48@example.net,61
61,Ashley Fleming DDS,christine66@example.net,55
62,Kayla Hill,kennedykimberly@example.net,57
63,Loretta Romero,bgreen@example.net,56
64,Debra Davidson,payneabigail@example.com,64
65,Sean Garcia,livingstonmichael@example.com,21
66,Travis Frye,gsmall@example.org,61
67,James Ramirez,owensrichard@example.org,65
68,Christian Rodriguez,zli@example.com,28
69,Jonathan Patel,danielweber@example.org,39
70,David Martinez,kimberly01@example.com,18
71,Wayne Fleming MD,matthewwilliams@example.com,21
72,Alicia Peterson,zellison@example.net,65
73,Erin Bell,pluna@example.org,18
74,Mary Smith,joseph02@example.org,29
75,Jamie Williams,irodriguez@example.com,30
76,Mark House,ataylor@example.com,44
77,Dave Bullock,fsantos@example.net,62
78,Nancy Edwards,tatecrystal@example.org,36
79,Tina Carlson,marvin32@example.org,35
80,Kenneth Thomas,qoconnor@example.net,31
81,Thomas Cuevas,nataliegonzalez@example.net,36
82,Justin Craig,williamslawrence@example.org,55
83,Lisa Perry,srios@example.net,54
84,Scott Williams,tamara55@example.com,34
85,Christopher Phillips,rebecca74@example.org,35
86,Dawn Dorsey,smithdaniel@example.org,33
87,Christina Wright,tiffany54@example.com,60
88,Samuel Ward,xswanson@example.net,62
89,Jose Matthews,harrismichelle@example.com,65
90,Jennifer Kennedy,natasha93@example.org,59
91,Tracie Mckenzie,tjenkins@example.net,24
92,Joshua Brown,atkinsariel@example.org,44
93,Jamie Brown,ischaefer@example.net,48
94,Jeremy Baker,mullinskaitlyn@example.net,21
95,John Alexander,wandrews@example.net,63
96,Anthony Mitchell,whitney94@example.com,47
97,Melinda Ford,caitlingarcia@example.com,27
98,Nicole Lamb,davidrebecca@example.net,33
99,Nathan Carroll,angel09@example.org,37
100,Monica Ortiz,willisjennifer@example.org,58
101,Mark Parker,andrewwarren@example.org,63
102,Michael Harvey,allison15@example.com,25
103,Kenneth Sullivan,qbryant@example.org,18
104,Andrea Hernandez,jonesheather@example.org,54
105,Robin Hobbs,zhangdavid@example.org,46
106,Robert Johnson,ryan48@example.com,65
107,Alicia Smith,stephenbecker@example.com,49
108,Jennifer Thornton,shahpatrick@example.org,47
109,Patricia Campbell,travismcdonald@example.org,46
110,Joseph Moore,anthonybrown@example.org,36
111,Jessica Lynch,sullivanbrittney@example.com,60
112,Amber Hughes,dawnholmes@example.net,36
113,Mark Mann,joseflores@example.net,42
114,Jennifer Christian,saraharrington@example.com,64
115,Sherri Miles,bentonmelissa@example.net,37
116,Angela Gilbert,lisabauer@example.com,65
117,Teresa Fernandez,anthony41@example.com,65
118,Nathan Brooks,qduffy@example.net,38
119,Nichole Baxter,savagekeith@example.com,58
120,Amanda Baker,bscott@example.com,35
121,Paula Davis,rfleming@example.com,36
122,Jennifer Watson,brandy94@example.org,59
123,Gregory Garrett,jwhite@example.net,64
124,Tricia Farmer,nielsenalejandro@example.com,20
125,Steven Mcdaniel,samantha50@example.com,40
126,Laura Rogers,zwhite@example.org,41
127,Brandon Cooper,tluna@example.org,41
128,Melissa Morton,johnbrown@example.com,56
129,Haley James,monica64@example.net,25
130,John Boyd,ehoffman@example.org,42
131,Alexander Wall,michael44@example.org,60
132,Austin Stewart,derek11@example.com,63
133,Nathaniel Snow,pdavis@example.net,44
134,Sandra Thomas,jamie41@example.com,61
135,Chad Soto,bcox@example.com,65
136,Bryan Farrell,travisford@example.net,64
137,Katie Jones,robinsonamanda@example.com,36
138,Rachel Hill,lowekelly@example.com,51
139,Colleen Hoover,brandyolsen@example.com,57
140,Christina Smith,bartonjose@example.net,50
141,John Sullivan,donald20@example.net,63
142,Robert Nunez,jennifersimmons@example.com,38
143,Sara Marshall,vlopez@example.org,29
144,Zachary Moreno,matthewschneider@example.net,33
145,Troy Lloyd,millercatherine@example.org,26
146,Kristina Hardy,jessica51@example.org,46
147,Cassandra Carr,lsmith@example.com,57
148,Chris Freeman,rfuller@example.org,35
149,Mr. Hunter Diaz PhD,tmorris@example.com,56
150,Carolyn Cole,kevin52@example.org,36
151,Dustin Christian,brownryan@example.org,44
152,Christopher Baker,uortega@example.net,32
153,Zachary Graham,wyatt42@example.net,22
154,Jennifer Brooks,jermaine75@example.com,20
155,Jacob Lucas,jessica31@example.org,32
156,Heather Williams,blairpamela@example.com,49
157,Tina Larson,isaiah67@example.com,59
158,Mr. Ryan Andersen,vdavis@example.com,64
159,Emma Moss,wilsonwayne@example.com,25
160,William Dixon,peter96@example.net,65
161,Jeff Alvarez,schroedermathew@example.com,53
162,Olivia Bonilla,zbarnes@example.com,63
163,Danielle Hernandez,nataliedonaldson@example.com,39
164,Erin Whitaker,alfredscott@example.org,53
165,Jason Lynn,clayton96@example.com,46
166,Paul Green,robertsonpatricia@example.org,32
167,Sheila Jones,orrthomas@example.com,41
168,Michael David,wvega@example.com,18
169,Michael Weaver,lynchdonna@example.net,20
170,Keith Reyes,craig34@example.org,35
171,Susan Harris,annasmith@example.net,47
172,Jared Flowers,turnerkevin@example.org,63
173,Felicia Fowler,lroy@example.net,27
174,John Patrick,jacqueline81@example.net,32
175,Monica Curry,kingjennifer@example.com,45
176,Robert Sullivan,peggyhunt@example.com,46
177,Joseph Thomas,emilygregory@example.com,24
178,John Luna,smithvictor@example.net,56
179,Vanessa Cross,penasarah@example.org,48
180,Brandon Porter,melissarobinson@example.com,34
181,Evelyn Jackson,matthewbaldwin@example.com,62
182,Michael Morgan,alexisalvarez@example.net,63
183,Anthony Durham,cummingsmelissa@example.com,38
184,Tammy Howell,youngmichael@example.org,55
185,Gerald Freeman,floresmary@example.org,60
186,Ellen Terry,samantha20@example.org,59
187,Casey Small,whitecaroline@example.org,28
188,Jessica Dudley,mark25@example.com,31
189,Timothy Hill,morrisonlaura@example.org,33
190,Edward Barnett,wileymonica@example.org,49
191,Denise Edwards,sherrygibson@example.com,35
192,Valerie Garcia,smithdaniel@example.org,41
193,Dr. Whitney Ellis,bensonbrandon@example.org,35
194,Willie Quinn,amiles@example.com,65
195,Anthony Lewis,lrios@example.net,47
196,Miss Stacey Wilson MD,williamsjessica@example.net,61
197,Carolyn Whitaker,christopherwilson@example.net,26
198,Teresa Joseph,qjohnson@example.net,48
199,Todd Peters,yatesadrienne@example.org,47
200,Gabriela Barajas,joe78@example.org,63
201,Nicolas Brown,jamesmorgan@example.net,33
202,Ronald Nguyen,nancywalsh@example.net,25
203,Wanda Ford,savannah36@example.com,19
204,Nicholas Holden,allisonyoung@example.org,61
205,Robert Beck,dgilbert@example.net,39
206,Devin Ward,lisaadkins@example.com,42
207,Donna Brewer,bethanymcdonald@example.com,27
208,Cheryl Oneill,shane06@example.net,24
209,John Chavez,vwright@example.net,35
210,David Parsons,sara08@example.net,52
211,Courtney Valenzuela,brad30@example.com,37
212,Natalie Cooke,kcochran@example.org,48
213,Jeffrey Nelson,gamblepatricia@example.com,55
214,Justin Campos,sharpchelsea@example.com,49
215,Dalton Gill,leblancdavid@example.com,42
216,William Pittman,qrosario@example.org,24
217,Christopher Martinez,rebecca57@example.net,36
218,Denise Wright,bowmanmegan@example.org,39
219,Charles Figueroa,brandon86@example.org,62
220,Andrea Hernandez,feliciaholt@example.net,46
221,Nicole Ramirez,andrew68@example.net,29
222,Patricia Williamson,karenlove@example.com,43
223,Kevin Melton,opowell@example.org,45
224,Nicholas Griffith,samueljefferson@example.org,60
225,Anthony Anderson,aaron16@example.org,23
226,Elizabeth Stewart,joanne62@example.org,60
227,Nicholas Allen,margarethopkins@example.org,56
228,Jennifer Sanchez,kvelazquez@example.org,29
229,John Berg,osalazar@example.org,26
230,Mikayla Johnson,roger09@example.net,65
231,Jason Mitchell,petersonmarvin@example.com,50
232,Darrell Simpson,darryl45@example.org,46
233,Mr. Matthew Marsh,uanderson@example.org,57
234,Luke Jackson,erin47@example.org,57
235,Laura Wilson,eric54@example.net,64
236,Erin Sims,woodardjohn@example.org,58
237,Crystal Henderson,uosborne@example.com,45
238,Jonathan Simmons,djordan@example.net,34
239,Lindsay Reid,moorerenee@example.com,19
240,Patricia Gamble,sarah68@example.org,43
241,Jack Rowe,cortezalyssa@example.org,46
242,Timothy Turner,mitchell52@example.com,24
243,Annette Lee,lauriejoyce@example.org,48
244,Jason Decker,johnsonsteven@example.net,26
245,Robert Hodges,dominic99@example.com,44
246,Brian Williamson,vpittman@example.org,61
247,Stephanie Green,tuckerlaura@example.net,28
248,Matthew Thomas,susan40@example.net,58
249,Cody Baker,rwest@example.net,20
250,Nicole Lawson,uwillis@example.com,51
251,Lawrence Evans,angelapierce@example.com,61
252,Elizabeth Nelson,bakertina@example.net,58
253,Luis Johnson,carrmatthew@example.org,53
254,Richard Tyler,sharoningram@example.net,24
255,Chelsea Goodwin,garciajennifer@example.net,61
256,Thomas Reynolds,tinaarnold@example.com,63
257,Joseph Alexander,gduran@example.com,50
258,Carol Johnson,thomas12@example.net,19
259,Brian Anderson,fatkinson@example.org,45
260,Lisa Frazier,josephchristina@example.com,43
261,Tamara Walker,johnny69@example.org,44
262,Jeremy Mathews,cynthiacole@example.net,53
263,Stephanie Johnson,manuel84@example.net,53
264,Stephanie Taylor,jhorton@example.net,27
265,Tammy Hart,lorihardin@example.org,20
266,John Martinez,bishopsherry@example.com,57
267,Justin Lewis,montgomerydavid@example.com,18
268,Christopher Thompson,gonzalezkyle@example.org,64
269,Wesley Pruitt,qburke@example.net,21
270,Tina Briggs,jharris@example.org,42
271,Jacqueline Barrett,sarah22@example.net,19
272,Stephen Wall,brandi04@example.org,24
273,Steven Baker,marshallkaren@example.net,27
274,Mary Ramos MD,matthew08@example.com,61
275,Wendy Hall,jenningsryan@example.org,34
276,Sarah Middleton,markmurray@example.net,20
277,Barbara Leach,zbooth@example.org,39
278,John Chang,wgonzales@example.com,57
279,Eric Watson,robert38@example.com,41
280,Jill Benson,tara75@example.net,54
281,Alec Pope,angela89@example.com,44
282,Victoria Collier,austin71@example.net,64
283,Tara Davis,benjamin34@example.com,63
284,Jessica Johnson,hgardner@example.com,47
285,Denise Hansen,brittany20@example.com,39
286,Maria Johnson,dsmith@example.com,57
287,Lindsey Palmer,phillipsjoshua@example.com,34
288,Brian Lozano,brandonnichols@example.net,36
289,Tony Griffin,kingkatherine@example.com,24
290,Renee Hayes,andrewburke@example.net,39
291,David Gomez,elliottedward@example.org,24
292,Victor Brown,aguirremanuel@example.net,60
293,Daniel Kim,andrew77@example.com,55
294,Katie Nelson,willie50@example.net,58
295,Tommy Burgess,smithmichael@example.net,24
296,Katherine Harvey,hbishop@example.net,50
297,Sean Tucker,xgiles@example.org,65
298,Tamara Castro,nbest@example.com,30
299,Chad Atkinson,patricia86@example.net,37
300,Leah Smith,patrickmiller@example.net,58
301,Nancy Shaw,josephfoster@example.net,32
302,Luis Elliott,alexis79@example.net,40
303,Chad Long,gonzalezmark@example.net,59
304,Christina Cummings,brookehines@example.com,34
305,Christina Edwards,phamomar@example.com,22
306,Brian Pope,johnsonlinda@example.org,20
307,Jeffrey Lawrence DVM,bowenbradley@example.org,64
308,Heather Brewer,vcampbell@example.net,27
309,James Webb,maldonadomark@example.net,61
310,Javier Jackson,sliu@example.net,53
311,Mrs. Courtney Christian,natashapearson@example.com,31
312,Lawrence Gray,holderjason@example.com,32
313,Jessica Burton,melissa86@example.net,61
314,Dennis Simmons,beth88@example.net,34
315,Taylor Miller,nathandunn@example.com,47
316,Julie Olsen,mcdanielcharles@example.com,37
317,Daniel Peck,ambermorgan@example.org,32
318,Patrick Moran,zholloway@example.org,24
319,Kaitlin Jensen,fullerjeffrey@example.org,63
320,Jonathan Carter,alexis22@example.com,40
321,Sarah Ball,cory84@example.com,58
322,William Martinez,pparker@example.org,35
323,Norma Mcpherson,gomezhaley@example.org,26
324,William Ritter,wardanna@example.net,56
325,Elizabeth Castillo,lmartinez@example.org,64
326,James Davis,valenzuelakyle@example.net,50
327,Shawn Brown,rfreeman@example.net,21
328,Christine Vargas,craigortiz@example.com,33
329,Richard Hicks,wrighterik@example.org,25
330,Jamie Haynes,kjacobs@example.com,18
331,Randy Burke,randallcase@example.net,63
332,Jennifer Clark,dwarner@example.net,62
333,Cindy Ramirez,wyoung@example.com,23
334,Jessica Hernandez,jacobsstacy@example.net,44
335,Stephanie Mcmahon,aguirredana@example.net,29
336,Charles Parker,fostercarl@example.com,24
337,Edward Price,avilajoseph@example.org,38
338,Tina Neal,dennisschneider@example.net,49
339,Deborah Ingram,jasonortiz@example.net,18
340,Ralph Ramsey,williamsstephanie@example.net,42
341,Christopher Torres,karen49@example.com,28
342,Julie Hunt,jason41@example.net,62
343,Matthew Mendez,nicholas14@example.com,58
344,Austin Patterson,thompsongreg@example.net,54
345,David Meadows,ppatton@example.com,33
346,Robert Arroyo,uburnett@example.com,24
347,Jacob Davis,brittany15@example.com,18
348,Christine Nunez,nicolemitchell@example.org,59
349,Matthew Price,harrisandrew@example.net,62
350,Amanda Mccullough,marcuswall@example.org,49
351,Angela Mcbride,andersonhunter@example.org,51
352,Alexandra Simpson,diane99@example.net,52
353,Tammy Taylor,jvelazquez@example.com,38
354,Richard Pratt,antoniowhite@example.org,45
355,Deanna Tyler,ashleylopez@example.net,38
356,Joshua Baker,olivertiffany@example.org,21
357,Brandon Williams,kmoore@example.net,63
358,Carlos Schmidt,monica96@example.net,39
359,Ashley Hernandez,whiteerica@example.com,51
360,Curtis Murray,colongary@example.org,46
361,Norma Watts,morenolauren@example.net,56
362,David Thomas,wayne16@example.org,49
363,Whitney Perry,kathrynreilly@example.com,43
364,Bruce Walker,collinsadam@example.net,47
365,Katelyn Garrett,oneillvictor@example.org,28
366,Tracy Kelly,solischristopher@example.com,37
367,Patricia Morris,reyespatricia@example.net,31
368,Sean Taylor,elizabeth45@example.net,47
369,Norman Peterson,ashley47@example.net,20
370,Nicholas Franklin,parkercharles@example.org,23
371,Terri Scott,rsteele@example.org,27
372,Kelsey Gibson,morgansnyder@example.com,62
373,Brenda Mack,pkelley@example.net,19
374,Collin Mitchell,williamhernandez@example.net,20
375,Nathan Wagner,shermantaylor@example.org,27
376,Maurice Gillespie,brittanywillis@example.net,62
377,Logan Carter,hillomar@example.com,19
378,Joseph Lewis,kenneth33@example.org,33
379,Scott Wise,oyang@example.com,64
380,Daniel York,rubiosabrina@example.com,39
381,Mr. Wayne Clark,zwise@example.org,56
382,Kathy Clay,nbest@example.org,41
383,Jonathan Smith,julia40@example.net,25
384,William Brady,burnettdennis@example.net,40
385,Kim Contreras,aliciabrown@example.net,53
386,Sara Sims,ipierce@example.org,60
387,Cheryl Perez,deannasmith@example.org,37
388,David Lester,fordkelly@example.com,19
389,Jordan Johns,castrosusan@example.com,22
390,Latoya Davidson,blakejones@example.net,42
391,Catherine Bond,vcarter@example.org,60
392,Cynthia Moran,william38@example.org,31
393,Anne Gutierrez,ashley68@example.net,40
394,Janet Cherry,bishopthomas@example.net,20
395,Michelle Garcia,angela83@example.org,58
396,Jamie Schroeder,jennifercooper@example.com,60
397,Benjamin Erickson,johndavis@example.org,58
398,Jack Miller,kmoody@example.org,22
399,Andrew Ware,bbaker@example.com,54
400,Cindy Williams,travis57@example.com,28
401,Richard Bowen,efloyd@example.org,49
402,Nicholas Mathis,gbennett@example.net,48
403,Jeremy Cole,qortega@example.net,62
404,Peggy Anderson,amy16@example.com,31
405,Linda Johnston,itrujillo@example.com,20
406,Chad Hall,careysavannah@example.com,32
407,Laura Figueroa,amymosley@example.net,41
408,Sara Walker,martineddie@example.com,21
409,Thomas Peterson,weberchristine@example.org,47
410,Samantha Turner,xwhite@example.com,48
411,Kimberly Petty,pearsonstacy@example.net,54
412,Taylor Day,jonathan23@example.com,48
413,Todd Rose,obrienterry@example.net,64
414,Kathryn Smith,lewisrobert@example.net,28
415,Amanda Green,christopher44@example.net,25
416,Teresa Miller,zgonzalez@example.com,18
417,Andrea Ingram,lluna@example.org,56
418,Kenneth Perkins,staffordjohn@example.org,53
419,Miguel Taylor,quinnjustin@example.com,39
420,Joel Berry,john46@example.com,28
421,Benjamin Roman,wdean@example.org,50
422,Mark Alvarado,peggywheeler@example.org,24
423,Jeanne Duran,uscott@example.net,60
424,Sheila Wilson,william29@example.com,22
425,Johnathan Miller,fieldssamantha@example.org,33
426,Marcus Day,bryanpeck@example.org,33
427,Dylan Hernandez,kevin12@example.net,28
428,Roberto Jacobson,dpayne@example.org,60
429,Matthew Russell,jacksonbernard@example.net,34
430,Amanda Parrish,brittanyhernandez@example.net,61
431,Stephen Silva MD,hansonashley@example.org,53
432,Belinda Miller,ujones@example.net,50
433,Yolanda Herrera,christopher89@example.org,38
434,Angela Walton MD,ricky09@example.com,47
435,Gina Christensen,brian55@example.net,39
436,Brian Evans,thomasmartin@example.com,62
437,Gregory Cunningham,fhansen@example.com,39
438,Antonio Holmes,edwardsashley@example.com,45
439,Justin Jackson,rodneyrivera@example.net,33
440,Angela Brown,elizabeththompson@example.net,65
441,Jonathan Clark,bennettandrew@example.org,40
442,Dawn Mccoy,jesus24@example.net,24
443,Troy Miller,michaelmartinez@example.net,45
444,Daniel Butler,sandra52@example.org,47
445,Justin Robinson,danielclark@example.net,42
446,Robert Hancock,katelyn99@example.net,34
447,Leslie Zimmerman,xphillips@example.org,40
448,Elizabeth Clark,jhenry@example.org,20
449,Kaitlin Mcgrath,henry10@example.net,21
450,Vincent Joseph,jameslynch@example.com,32
451,Travis Kelly,eric07@example.net,56
452,Amanda Rodriguez,diana03@example.net,46
453,Lauren Medina,watsonmatthew@example.com,22
454,Brian Williams,brianle@example.org,19
455,Alex Lewis,zbuchanan@example.com,62
456,Ann Vasquez,riveracatherine@example.net,38
457,Charles Morrow,hannahreynolds@example.org,61
458,Cody Rollins,millerrichard@example.org,23
459,Michaela Hayes,lindseyflores@example.com,30
460,Lauren Hall,thompsonjohn@example.net,59
461,William Lynch,aaron94@example.com,49
462,David Gonzales,catherinesullivan@example.com,43
463,Rebecca Tanner,sserrano@example.com,26
464,Julie Lewis,williamsstephanie@example.com,47
465,James Guerra,hmullen@example.net,57
466,Wendy Brown,mackenziediaz@example.org,64
467,Denise King,lsuarez@example.com,59
468,Emily Murphy,ebrown@example.com,52
469,Debbie Kline,nbaker@example.net,37
470,David Johnson,jose97@example.com,29
471,James House,mauricerios@example.net,52
472,Tara Rivera,lwalker@example.net,41
473,Joshua Sellers,lindasmith@example.net,52
474,Nathan Francis,sherischmidt@example.com,43
475,Thomas Harris,tracycampbell@example.com,30
476,David Alexander,brandon87@example.com,39
477,Mary Ross,whoward@example.net,40
478,Dawn Kirby,porterdonna@example.net,58
479,Latoya Smith,nancyshannon@example.org,56
480,Kimberly Smith,sjohnson@example.com,19
481,Julie Kelly,samuelramirez@example.net,62
482,Jonathan Henderson,christopher59@example.net,34
483,Ricky Jones,virginia69@example.org,42
484,Christian Sullivan,garciafrances@example.org,27
485,Jose Miller,robert73@example.net,59
486,Colin Barnett,perryjoanne@example.net,22
487,Anthony Brown,xweaver@example.net,44
488,Regina Thomas,mullinscraig@example.org,29
489,Joshua Payne,gregoryallen@example.com,28
490,Carol Ford,allison72@example.org,59
491,Daniel Young,hernandezdebbie@example.org,53
492,Steven Brown,anthonydalton@example.org,54
493,Tammy Anderson,chavezmichael@example.com,31
494,Elizabeth Wilson,sean14@example.net,49
495,Karen Robinson,chelsea76@example.org,32
496,Daniel Garcia,mwilliams@example.org,24
497,Stephanie Rios,jennajimenez@example.org,30
498,Susan Hickman,johnsonamy@example.com,45
499,Joseph Morgan,qhernandez@example.com,26
500,Kelli Martin,mccartymichelle@example.org,19
501,Alice Hamilton DDS,bwerner@example.com,59
502,Miss Karen Bailey,wrightcarla@example.org,38
503,Penny Moore,thomasjennifer@example.org,57
504,Jason Mcpherson,pduarte@example.org,61
505,Charles Romero,kiarasanchez@example.net,27
506,Amanda Welch,parkergeorge@example.org,55
507,Daniel Davis,graychristy@example.org,48
508,Kevin Rodriguez,swilcox@example.net,29
509,Rachel Camacho,richardsullivan@example.net,46
510,Jessica Silva,vgonzalez@example.org,64
511,Candace Drake,dperry@example.com,20
512,Christopher Brown,sarah55@example.net,40
513,Samuel Hanson,molly67@example.org,64
514,Jennifer Williamson,david69@example.net,37
515,Maria Smith,rcrane@example.org,38
516,Jennifer Smith,rachel63@example.com,51
517,Frank Hubbard,kirkscott@example.com,44
518,Mark Wong,adamromero@example.org,23
519,Jessica Hodges,duranmelissa@example.net,56
520,Bryan Porter,whitecarmen@example.net,52
521,Daniel West,christinebennett@example.net,48
522,Adrian Gonzalez,zhayes@example.com,52
523,Rhonda Wilson,carolinecampbell@example.org,54
524,Jonathan King,shammond@example.org,61
525,Michael Murray,vgrimes@example.org,63
526,Gregory Williams,ldominguez@example.net,65
527,Allison Hanna,woodskendra@example.com,29
528,Latasha Gibbs,matthewabbott@example.net,62
529,Sabrina Douglas,jennyburns@example.org,62
530,Kelly Chambers,zacharycosta@example.net,47
531,Trevor Roberts,david11@example.net,24
532,Jacqueline Roberson,jamesmarcus@example.net,21
533,Steven Hamilton,nancynash@example.net,51
534,Melissa Lewis,nathaniel38@example.org,56
535,Sean Hunter,michaelwalker@example.net,20
536,Angela White,ogreene@example.com,50
537,Mary Lewis DDS,martinezjanice@example.net,34
538,Matthew Phillips,kblackburn@example.net,42
539,David Thomas,tyler32@example.com,53
540,Jennifer Werner DVM,joelcompton@example.org,38
541,Joel Torres,perrysonya@example.org,19
542,Aaron Duncan,allen76@example.net,54
543,Tammy Boyd,bobbywilliams@example.com,39
544,Jonathan Austin,cguerra@example.org,20
545,Jacob Schroeder,danielmckenzie@example.net,37
546,Juan Atkins,hailey85@example.org,55
547,Matthew Rogers,lauren11@example.org,53
548,Molly Johnson,patelrichard@example.org,30
549,Alexander Delgado,jeffrey32@example.org,63
550,Dawn Garcia,ilewis@example.com,34
551,Elizabeth Hatfield,susanspears@example.org,53
552,Grant Watson,calderonwesley@example.com,28
553,Haley Gross,michaelhall@example.net,24
554,Sarah Myers,cporter@example.net,39
555,John Clark,christopher49@example.net,54
556,Alexandra Ball,heathergarza@example.org,52
557,Jamie Ortiz,robertjordan@example.net,64
558,Katherine Norton,marthawhite@example.net,41
559,Robert Callahan,arianaperry@example.org,23
560,Nicholas Marshall,ogeorge@example.com,29
561,Brittany Neal,rodriguezsamantha@example.com,24
562,John Phillips,emilynguyen@example.com,42
563,Julia Miller,williamsondeborah@example.org,21
564,Michael Garcia,corey36@example.org,39
565,Susan Schneider,lmolina@example.com,42
566,Michael Cook,kristenking@example.org,42
567,Brian Burns,ssmith@example.net,62
568,Taylor Ball,bsims@example.org,41
569,Michaela Kirby,qguerrero@example.net,18
570,Christopher Stone,rachelharris@example.net,50
571,David Moses,melissataylor@example.com,34
572,James Jacobs,xlarson@example.net,27
573,Randall Hickman,reginablevins@example.net,36
574,Tara Marsh,jose30@example.net,50
575,Debra Parks,guy77@example.com,29
576,Timothy Ochoa,vbarker@example.com,50
577,Steven Nelson,stephen15@example.com,24
578,Lindsey Knapp,todddean@example.org,51
579,Elizabeth Schwartz PhD,clarkjessica@example.com,37
580,James Cochran,patty49@example.org,39
581,Tina Oliver,thomasmark@example.net,62
582,Jean Adams,hsullivan@example.org,58
583,Anna Conway,thomas51@example.com,21
584,Richard Caldwell,justin56@example.org,50
585,Brian Martinez,john99@example.org,48
586,Steven Martinez,melvintaylor@example.org,44
587,Laura Dalton,michael34@example.net,23
588,Dr. Jacqueline Vincent,rachel63@example.com,57
589,James Wilson,yweber@example.com,50
590,Patrick Walker,wellsandrew@example.net,44
591,Nina Ellis,rstewart@example.com,65
592,Tonya Davis,daniellefreeman@example.org,65
593,Shannon Richardson,trosales@example.net,54
594,Morgan Smith,kirbylinda@example.net,39
595,Kelly Brown,claire00@example.net,53
596,Dawn Hill,latoyariley@example.com,55
597,Brady Parker,trevinomarc@example.com,48
598,Amy Banks,powelllinda@example.org,38
599,Nicole Rodriguez,andrea03@example.org,33
600,Molly Sullivan,alvarezjay@example.net,38
601,Thomas Barr IV,dixonryan@example.com,36
602,Joan Taylor,ginaguerrero@example.net,22
603,Debbie Fuller,susan76@example.com,20
604,Zachary Anderson,melissagreen@example.org,46
605,Laura Beck MD,jsimpson@example.com,19
606,Andrea Collins,robert81@example.com,47
607,Morgan Nguyen,tarathomas@example.com,21
608,Brad Clark,vcalhoun@example.org,37
609,Devon Alvarez,zrose@example.net,24
610,Pamela Hancock,virginia44@example.net,50
611,Adam Garrison,herrerachristy@example.org,53
612,Nicholas Hickman,vroberts@example.net,48
613,Marcus Miller,garcialucas@example.org,25
614,Angela Estrada,ryanthomas@example.com,54
615,Katherine Armstrong,nicholsjeffrey@example.com,39
616,Lisa Chambers,nathandaniels@example.com,45
617,Alexis Soto,martinezjesse@example.org,36
618,Timothy Bailey,harrisonlisa@example.com,37
619,Mark Austin,jenniferbowen@example.com,42
620,Shawn Moore,ggarcia@example.org,31
621,Jessica Jackson,william31@example.com,28
622,Jordan Rodriguez,joseph38@example.net,53
623,Brianna Chang,kellyhansen@example.org,38
624,Todd Watkins,beckerjames@example.com,32
625,Randy Pena,hsavage@example.net,30
626,Lauren Powell,phillipsgail@example.com,35
627,Diane Joseph,benjaminmercado@example.org,61
628,Natasha Graves,kimberlymiller@example.net,65
629,Steven Reyes,brianguerra@example.com,30
630,Thomas Carr,jesus83@example.org,47
631,Danny Holden,michaelpatterson@example.org,21
632,Aaron Compton,xsullivan@example.net,26
633,Linda Martinez,ymoore@example.com,62
634,Holly Fox,tbush@example.net,48
635,Megan Smith,smithbarbara@example.net,23
636,Jonathan Bass,michaelcastro@example.net,26
637,Michael Sherman,tommy87@example.org,40
638,Michael Reilly,vcole@example.net,54
639,John Harris,uweber@example.com,43
640,Mary Fitzgerald,jacob44@example.com,53
641,Kayla Harris,shelby26@example.org,38
642,James Robinson,lopezcindy@example.org,25
643,Bryan Johnson,vbeltran@example.com,32
644,Lisa Johnson,ytownsend@example.com,42
645,Melinda Butler,lisabrown@example.net,43
646,Eric Maddox,michaelmyers@example.net,20
647,Charles Monroe,tina79@example.net,23
648,Melissa Beck,connor37@example.com,44
649,Kaylee Davis,kathrynpeterson@example.org,44
650,Stephanie Shaffer,douglas17@example.com,19
651,Breanna Sawyer,princeheidi@example.org,58
652,Janet Berry,thomasjonathan@example.net,36
653,Michael Williams,moranchristopher@example.org,30
654,Anthony Phillips,alan41@example.org,34
655,Anthony Arroyo,tonycasey@example.net,27
656,James Perez,eric66@example.org,61
657,Anthony Sloan,petersjesse@example.com,23
658,Victor Sampson,amercer@example.org,47
659,Brian Bailey,braunkimberly@example.com,43
660,Amanda Erickson,karenbullock@example.org,59
661,Beth Kelly,morrowdeborah@example.net,62
662,Maureen Ali,bondbryan@example.org,64
663,Kevin Baker,matthew04@example.com,25
664,Dr. Mark Vargas,mitchellphillip@example.net,23
665,Elizabeth Sandoval,martinezkrystal@example.net,34
666,Zachary Jones,castilloashley@example.net,41
667,Jacob Fernandez,michael21@example.net,31
668,Mary Singleton,oallen@example.org,25
669,Alison Martin,turnersophia@example.org,25
670,Becky Hudson,elizabeth88@example.com,59
671,Elizabeth Anderson,kristinaadams@example.net,20
672,Sharon Parker,kathleenstokes@example.org,53
673,Joy Johnson,wreese@example.org,28
674,Benjamin Murphy,kathykirk@example.com,60
675,Emily Martin,mandy58@example.net,47
676,Roy Anderson,scottjohnston@example.net,27
677,Jesse Rose,paulrose@example.org,45
678,Scott Hardin,brandonharmon@example.org,54
679,Cindy Rose,yyu@example.net,19
680,Anthony Baker,lwilliams@example.org,44
681,Vanessa Griffith,davidboone@example.org,41
682,Daniel Brown,briggstiffany@example.org,55
683,Michael Miller,joshua91@example.net,61
684,Ricardo James,adam62@example.org,22
685,Kristen Mcgee,christianweber@example.org,29
686,Gabriela Vasquez,shannon88@example.net,64
687,Jessica Smith,joshua33@example.org,25
688,Robin Alvarez DDS,yware@example.com,54
689,Louis Hernandez,brittney00@example.net,52
690,Nancy Keith,gracecampbell@example.net,58
691,Mrs. Julia Barnes,kimberly03@example.org,23
692,Patrick Gilbert,lindapotts@example.net,60
693,Stephanie Rodriguez,manuel24@example.org,39
694,Maureen Welch,keithrush@example.org,26
695,Mr. Jeffrey Randall,jeffreybarrett@example.org,46
696,Susan Cross,reyesjennifer@example.com,39
697,Abigail Roth,williamgeorge@example.com,41
698,Tonya Calderon,jesse38@example.com,40
699,Abigail Anderson,david61@example.com,23
700,Jesse Arnold,hwilliams@example.net,28
701,Robert Jones,douglas50@example.org,33
702,Hannah Marshall,brownjoseph@example.org,58
703,Bradley Vincent,moorepaul@example.net,35
704,Kayla Palmer,lnewman@example.net,38
705,James Bradford,joshuamiles@example.net,63
706,Jacob Dougherty,fcollins@example.net,53
707,Margaret Schroeder,cory89@example.org,18
708,Martha Myers,robertmccormick@example.com,20
709,Gregory Mendoza,charles18@example.org,41
710,Vanessa Gutierrez,econley@example.org,20
711,Renee Jones,aponce@example.net,63
712,Christopher Sandoval,jamie56@example.org,55
713,Cameron Martinez,alexandercrawford@example.net,38
714,Carl Perez,ibrown@example.com,43
715,Linda Howard,belindabriggs@example.org,49
716,Kelly Johnson,vanessabush@example.com,62
717,David Cannon,herrerajacqueline@example.net,39
718,Maurice Cunningham,brendafrederick@example.org,46
719,Kathy Lawson,fbrown@example.com,54
720,Tracy Dixon,amandaallen@example.com,64
721,Jeremy Cooper,bellashley@example.org,22
722,Anita Smith,cathy41@example.com,18
723,Aaron Harris,benjamin00@example.com,51
724,Christopher Carter,mariagalvan@example.net,54
725,Amber Wilson,danielclark@example.com,37
726,Joy Duffy,jacksonsarah@example.com,44
727,Adam Davis,kylielee@example.org,46
728,Ivan James,markmorales@example.com,44
729,Mitchell Navarro,ortegadebra@example.net,35
730,Jacob Gutierrez,julie57@example.org,63
731,Elizabeth King,mejiabriana@example.net,18
732,Isaiah Woods,mariagreen@example.com,33
733,Rose Woods,martinezbradley@example.com,18
734,Mario Walker,egarcia@example.org,25
735,Kerry Taylor,scottgraham@example.com,49
736,Kim Salinas,blackburnbrittany@example.com,38
737,Mr. Thomas Kelley,penny75@example.org,55
738,Kevin Campbell,george07@example.org,18
739,Mathew Dunn,zachary60@example.com,63
740,Robert Schultz,brian57@example.net,64
741,Amy Evans,bsmith@example.com,59
742,Katrina Brown,ulucas@example.com,50
743,Jonathan Newman,davidwashington@example.org,56
744,Michael Davis,solisamanda@example.com,26
745,Paula Palmer,kayla84@example.org,27
746,Dale Gonzales,jeffery86@example.org,26
747,Tammy English,smithdebbie@example.org,60
748,Jillian Hernandez,howard99@example.org,27
749,Charles Merritt,thomasjonathan@example.net,27
750,Robert Ward,joseph45@example.com,45
751,Nicholas Jones,bkane@example.net,32
752,Ashley Torres,tiffanyanderson@example.net,26
753,Keith Jordan,brownjesus@example.net,55
754,Richard Key,lauriedavidson@example.com,22
755,Latasha Blankenship,leslie62@example.com,33
756,Joseph Boyd,thomas77@example.net,65
757,Meghan Cunningham,danielholloway@example.com,41
758,Jeffrey White,daisy61@example.net,28
759,Melissa Young,catherine69@example.org,46
760,Sheena Wallace,arivers@example.org,60
761,Sean Nguyen,fboyd@example.com,50
762,Michael Lane,kgordon@example.net,57
763,Rachel Cohen,jennifer87@example.com,45
764,David Mathews,thomas66@example.org,29
765,Andrew Humphrey,kellymccarty@example.net,54
766,Monica Le,jordanhannah@example.org,21
767,Benjamin Dyer,gloriasutton@example.org,30
768,Jason Diaz,mary34@example.org,43
769,Casey Nguyen,hchambers@example.org,32
770,Debbie Flores,nicole18@example.net,40
771,Hannah Duran,dominiquecoleman@example.net,65
772,Paul Welch,jcalderon@example.org,31
773,Jerry Davis,joananderson@example.org,48
774,Tony Lopez,evanmorgan@example.org,40
775,Michael Ruiz,aburke@example.com,64
776,Lisa Gilbert,callahanbrittney@example.net,31
777,Ashley Jimenez,pottsdavid@example.net,31
778,Thomas Nunez,schultzdave@example.org,48
779,Terri Estrada,kelly58@example.com,55
780,Nicholas Adams,youngjennifer@example.com,20
781,Jimmy Williams,abigailstewart@example.net,63
782,Matthew Harris,hannadebra@example.com,50
783,Justin Black,luis00@example.com,60
784,Glen Ramos,clarkjason@example.com,33
785,Catherine Watson,josephtaylor@example.net,56
786,Melissa Black,tgarcia@example.org,22
787,Thomas Lowe,odonnellchristopher@example.org,32
788,Brittany Haney,hwhite@example.org,58
789,John Campbell,alawrence@example.com,33
790,Ruben Hayes,rachelkent@example.net,36
791,Vanessa Miller,jordanmisty@example.net,54
792,Megan Guerra,bgonzalez@example.org,42
793,Daniel Macdonald,cohenjeffrey@example.net,56
794,Lee Bird,cunninghamcharles@example.org,57
795,Jennifer Kelly,christopher60@example.org,52
796,Robert Lewis,damon26@example.org,40
797,Sheila Stone,harveylarry@example.org,24
798,Sean Carlson,xavierhodges@example.net,42
799,Samuel Johnson,edwardscarlos@example.org,23
800,Reginald Romero,williamsjohn@example.com,60
801,Christopher Rojas,nelsoncheryl@example.net,21
802,Derek Martinez,hughesryan@example.com,38
803,Adrienne Carr,djohnson@example.com,47
804,Mrs. Kristen Wells DDS,julie00@example.com,34
805,Jacqueline Hart,rickymedina@example.net,58
806,Karen Herrera,brownjennifer@example.org,57
807,Christine Bowen,patrick78@example.net,60
808,Amy Sosa,michelle17@example.com,41
809,Karen Anderson,russellscott@example.net,49
810,David Wright,michael18@example.net,62
811,John Cuevas,amy82@example.com,22
812,Stephanie Braun,thomasjoseph@example.com,18
813,Casey Munoz,wlucas@example.net,36
814,Mackenzie Jones,bonniehicks@example.org,38
815,Alex Hampton,bmartin@example.com,63
816,Sierra King,sarah65@example.com,50
817,Rachel Thompson,butlergregory@example.net,25
818,Laura Stewart,tweeks@example.com,18
819,Sergio Palmer Jr.,melissa33@example.com,56
820,Samantha Kelly,edwardssteven@example.com,41
821,Robert Richardson,diazruth@example.net,31
822,Rick Boyer,jaredhoward@example.org,28
823,Jenna Ramos,melissaschneider@example.com,54
824,Richard Kelly,julian31@example.net,33
825,Christie Clay,richardsclaire@example.com,28
826,Brent Paul,rrogers@example.net,29
827,Zoe Taylor DDS,carol35@example.com,22
828,Keith Stevenson,nguyenleah@example.com,29
829,Eric Rogers,amanda06@example.org,37
830,Travis Sullivan,nancy70@example.net,32
831,Tara Black,mwalker@example.org,42
832,Shannon Kelly,garrettpatton@example.org,44
833,Carlos Meyer,wilkinskimberly@example.net,21
834,Larry Gill,christophergarcia@example.org,57
835,Jill Carter,macdonaldmatthew@example.org,26
836,Joan Murray,thomasjohn@example.com,23
837,Elizabeth Long,christina57@example.org,36
838,Olivia Warren,llane@example.net,44
839,Thomas Kelly,smithjessica@example.com,46
840,Brandi Mcmillan,olivia28@example.org,25
841,Alisha Lewis,benjamin89@example.net,21
842,April Collins DDS,andrew25@example.org,24
843,Lisa Hooper,mclaughlinchad@example.com,52
844,Matthew Carney,flowerskelly@example.net,51
845,Cindy Harris,wagnermarvin@example.net,22
846,Kyle Hill,john77@example.org,55
847,Daniel Goodwin,lisa20@example.com,41
848,Ronald Andrews,kevin26@example.org,25
849,Elizabeth Obrien,watsoncynthia@example.org,26
850,Amy Hester,scott26@example.net,46
851,Douglas Baker,brownjulie@example.net,59
852,Sara Meadows,mariaharris@example.com,52
853,Christopher Johnson,randall00@example.com,23
854,Jacob Mendez,vanessa45@example.org,53
855,Patricia Sutton,christopherellison@example.org,36
856,Danny Jones,hickssamuel@example.net,45
857,Bradley Fischer,whitekevin@example.com,63
858,Edward Navarro,alexandra92@example.org,18
859,Bryan Peck,annecurtis@example.com,47
860,James Cummings,wanderson@example.com,25
861,Tyler Stone,amandashaw@example.com,30
862,Jennifer Jones,hesskiara@example.com,18
863,Nicole Rodriguez,jamesrodriguez@example.com,43
864,Tina Riley,eileenmiranda@example.com,18
865,Keith Harmon,michaelrandall@example.com,30
866,Savannah Suarez,qfranklin@example.org,49
867,Erik Briggs,pcarroll@example.net,24
868,Kimberly Jones,tsantana@example.com,59
869,Alexandra Decker,william23@example.org,55
870,Michael Dean,amandamiller@example.com,58
871,Natalie Owens,jennifermartinez@example.org,44
872,Wesley Hudson,frank73@example.net,59
873,Jacqueline Robles,frank72@example.org,30
874,Jacqueline Myers,kimberly84@example.net,39
875,Gregory Harrell,teresacontreras@example.com,37
876,Nancy Smith,johnsonelizabeth@example.org,50
877,Jennifer Holder,fmeza@example.net,38
878,Oscar Reyes,danielleblanchard@example.net,65
879,Jessica Duffy,william40@example.com,34
880,Oscar Schultz,rachel64@example.org,37
881,David Calhoun,whitecorey@example.com,58
882,Jonathan Branch,robertsonalexander@example.org,53
883,David Santana,bishopallison@example.com,62
884,Jennifer Cunningham,jfrey@example.com,62
885,Shawn Banks,sanchezmarcus@example.net,23
886,Samantha Webb,brooke49@example.com,29
887,Matthew Christensen,utaylor@example.org,22
888,Monica Myers,ccampbell@example.org,31
889,Jeremy Miller,briancarpenter@example.org,18
890,Brandon Brown,greenmichelle@example.net,19
891,Samantha Simmons,epeterson@example.org,54
892,Heidi Gay,david95@example.com,28
893,Brenda Short,howardryan@example.net,37
894,Elizabeth Barron,daniel17@example.net,46
895,Brandon Grant,timothyadams@example.com,21
896,Nancy Hale,nrowe@example.com,39
897,Phyllis Bishop,jacobsheather@example.com,30
898,David Mills,dominiquehunter@example.com,31
899,Daniel Franklin,cmills@example.net,58
900,Vanessa Berry,daleramirez@example.com,55
901,Caitlin Rojas,carolroberts@example.org,44
902,Kaitlin Brown,jfarmer@example.org,63
903,Ashley Palmer,bbaker@example.com,27
904,Thomas Mills,gibbssuzanne@example.org,26
905,Bobby Ball,richarddiaz@example.org,35
906,Ms. Lisa Ferguson,qrivera@example.org,39
907,Jacqueline Davis,kjackson@example.com,41
908,Matthew Garcia,darlene46@example.com,26
909,Patrick Anderson,kenneth64@example.net,47
910,Jasmine Hickman,steelemary@example.net,65
911,Marc Shea,patrick14@example.com,48
912,Suzanne Suarez,janetbuchanan@example.com,48
913,Jessica Flores,meredith13@example.com,51
914,Jose Dickerson,baxterlarry@example.com,22
915,Christopher Payne,joneseduardo@example.org,63
916,Jason Reynolds,erinolsen@example.net,31
917,Adam Austin,vasquezdiana@example.net,65
918,Brandy Neal,adkinspatrick@example.net,24
919,Kim Miller,omitchell@example.net,47
920,Elizabeth Powell,karen25@example.org,51
921,John Hernandez,lolson@example.net,21
922,Holly Campos,joshuareeves@example.org,52
923,Daniel Mata,jennifer03@example.net,53
924,Bryan Solomon,kellershawna@example.com,54
925,Johnny Wise,kmartin@example.net,54
926,Devon Wright,johnsonkevin@example.net,38
927,Steven Forbes,mayerin@example.com,51
928,Jordan Wilson,rnguyen@example.net,42
929,Karen Porter,clayton76@example.com,25
930,Diana Romero,priley@example.org,18
931,Jessica Alexander DDS,chavezstacy@example.org,53
932,Nicholas Stone,michaelmorgan@example.com,29
933,Darryl Duncan,benjamin17@example.net,62
934,Dustin Chapman,uortiz@example.net,44
935,Brenda Wilkerson,timothy18@example.com,24
936,Tony Hughes,alicia45@example.net,31
937,Mary Meyers,vhughes@example.net,32
938,Eric Holmes,katherinethornton@example.org,18
939,Stephanie Daniel MD,xvega@example.com,62
940,Renee Watkins,ruizrobert@example.net,18
941,Veronica Gamble,alexanderedwards@example.com,22
942,James Kirk,maryhunt@example.com,28
943,Eugene Gilbert,lori50@example.net,31
944,Eileen Russell,emilyburke@example.net,24
945,Heidi Curtis,rodriguezrichard@example.org,46
946,Emily Reeves,colecody@example.com,18
947,Lisa Lin,harryandrade@example.com,33
948,Frank Joseph,georgekennedy@example.org,34
949,John Mayer,elizabeth54@example.com,56
950,Leonard Olson,lawrencemartinez@example.org,36
951,Jennifer Lamb,michealpowers@example.com,29
952,Gerald Bush,tdavis@example.net,54
953,Michael Romero,amy87@example.net,64
954,Kelsey Bautista,wallacecarol@example.com,28
955,Ashley Lopez,david50@example.com,63
956,Sara Sanford,karen63@example.com,57
957,Crystal Burns,ronald97@example.org,26
958,Ethan Patterson,ocoleman@example.net,42
959,Kimberly Freeman,jwelch@example.com,52
960,Nancy Combs,rebecca12@example.net,47
961,Austin Johnston,ellisedward@example.org,31
962,Linda Morrison,jill13@example.org,46
963,David Powers,johnchen@example.org,49
964,Kayla Garza,uturner@example.com,35
965,Michael Butler,derekstevenson@example.net,58
966,Vanessa Reid,szuniga@example.com,30
967,Ryan Hernandez,judyjohnson@example.org,55
968,Roger Le,jeffreygonzalez@example.com,26
969,Amy Stewart,robertboyle@example.org,57
970,Tara Roberson,ashley10@example.net,60
971,John Mendez,lhamilton@example.com,63
972,Sara Cole,pollardtheresa@example.org,25
973,David Evans,teresastone@example.com,64
974,Latoya Phillips,serranofrank@example.net,63
975,Tammy Ortiz,burnsraven@example.org,34
976,Eric Coleman,mariogriffin@example.org,64
977,Susan Little,judy01@example.com,35
978,Terry Hardy,mariahernandez@example.org,56
979,Paige Moon,ritteranna@example.com,34
980,Kathleen Armstrong,bowenjames@example.org,37
981,Benjamin Patterson,ssnyder@example.com,62
982,Mr. Kevin Durham,veronica89@example.org,33
983,Kyle Morgan,wsanchez@example.org,33
984,Carla Chen,walshpatricia@example.com,53
985,Jeffrey Taylor,brewerbrandon@example.com,51
986,Danny Case,kellyrichard@example.org,32
987,Wesley Allen,fmarsh@example.net,50
988,Benjamin Walker,jonathan66@example.com,44
989,Kimberly Bryant,jsnow@example.net,49
990,Kevin Hunter,rwebb@example.org,34
991,Rodney Ramirez,jimenezjeffrey@example.net,33
992,Kristy Huerta,jessegreen@example.net,29
993,Matthew Sullivan,nguyenkeith@example.org,29
994,Philip Cooke,danielrobinson@example.net,57
995,Tiffany Chan,suttonnicholas@example.net,26
996,Elizabeth Rodriguez,ywilliamson@example.org,39
997,Adrian Peters,simmonsthomas@example.net,57
998,Isabella Bowman,jeanfrost@example.org,42
999,Diane Rodriguez,philip60@example.org,24
1000,Joseph Price,gbutler@example.net,60
